{
    "loss": 1.7650846242904663,
    "accuracy": 0.3883928656578064
}