{
    "loss": 1.782312273979187,
    "accuracy": 0.11242938041687012
}