{
    "loss": 1.6111246347427368,
    "accuracy": 0.37627118825912476
}