{
    "loss": 1.615261197090149,
    "accuracy": 0.37627118825912476
}