{
    "loss": 1.6143031120300293,
    "accuracy": 0.37627118825912476
}